PRAGMA foreign_keys=OFF;
BEGIN TRANSACTION;
CREATE TABLE IF NOT EXISTS "django_migrations" ("id" integer NOT NULL PRIMARY KEY AUTOINCREMENT, "app" varchar(255) NOT NULL, "name" varchar(255) NOT NULL, "applied" datetime NOT NULL);
INSERT INTO django_migrations VALUES(1,'contenttypes','0001_initial','2025-03-29 04:22:14.877185');
INSERT INTO django_migrations VALUES(2,'auth','0001_initial','2025-03-29 04:22:14.881854');
INSERT INTO django_migrations VALUES(3,'account','0001_initial','2025-03-29 04:22:14.886524');
INSERT INTO django_migrations VALUES(4,'account','0002_email_max_length','2025-03-29 04:22:14.889618');
INSERT INTO django_migrations VALUES(5,'account','0003_alter_emailaddress_create_unique_verified_email','2025-03-29 04:22:14.894063');
INSERT INTO django_migrations VALUES(6,'account','0004_alter_emailaddress_drop_unique_email','2025-03-29 04:22:14.896982');
INSERT INTO django_migrations VALUES(7,'account','0005_emailaddress_idx_upper_email','2025-03-29 04:22:14.899335');
INSERT INTO django_migrations VALUES(8,'account','0006_emailaddress_lower','2025-03-29 04:22:14.902794');
INSERT INTO django_migrations VALUES(9,'account','0007_emailaddress_idx_email','2025-03-29 04:22:14.907564');
INSERT INTO django_migrations VALUES(10,'account','0008_emailaddress_unique_primary_email_fixup','2025-03-29 04:22:14.911396');
INSERT INTO django_migrations VALUES(11,'account','0009_emailaddress_unique_primary_email','2025-03-29 04:22:14.914466');
INSERT INTO django_migrations VALUES(12,'admin','0001_initial','2025-03-29 04:22:14.917447');
INSERT INTO django_migrations VALUES(13,'admin','0002_logentry_remove_auto_add','2025-03-29 04:22:14.920686');
INSERT INTO django_migrations VALUES(14,'admin','0003_logentry_add_action_flag_choices','2025-03-29 04:22:14.922905');
INSERT INTO django_migrations VALUES(15,'contenttypes','0002_remove_content_type_name','2025-03-29 04:22:14.929595');
INSERT INTO django_migrations VALUES(16,'auth','0002_alter_permission_name_max_length','2025-03-29 04:22:14.932950');
INSERT INTO django_migrations VALUES(17,'auth','0003_alter_user_email_max_length','2025-03-29 04:22:14.936816');
INSERT INTO django_migrations VALUES(18,'auth','0004_alter_user_username_opts','2025-03-29 04:22:14.939126');
INSERT INTO django_migrations VALUES(19,'auth','0005_alter_user_last_login_null','2025-03-29 04:22:14.942227');
INSERT INTO django_migrations VALUES(20,'auth','0006_require_contenttypes_0002','2025-03-29 04:22:14.942676');
INSERT INTO django_migrations VALUES(21,'auth','0007_alter_validators_add_error_messages','2025-03-29 04:22:14.945376');
INSERT INTO django_migrations VALUES(22,'auth','0008_alter_user_username_max_length','2025-03-29 04:22:14.948984');
INSERT INTO django_migrations VALUES(23,'auth','0009_alter_user_last_name_max_length','2025-03-29 04:22:14.952081');
INSERT INTO django_migrations VALUES(24,'auth','0010_alter_group_name_max_length','2025-03-29 04:22:14.955328');
INSERT INTO django_migrations VALUES(25,'auth','0011_update_proxy_permissions','2025-03-29 04:22:14.959311');
INSERT INTO django_migrations VALUES(26,'auth','0012_alter_user_first_name_max_length','2025-03-29 04:22:14.962433');
INSERT INTO django_migrations VALUES(27,'sessions','0001_initial','2025-03-29 04:22:14.963593');
INSERT INTO django_migrations VALUES(28,'sites','0001_initial','2025-03-29 04:22:14.964487');
INSERT INTO django_migrations VALUES(29,'sites','0002_alter_domain_unique','2025-03-29 04:22:14.966480');
INSERT INTO django_migrations VALUES(30,'socialaccount','0001_initial','2025-03-29 04:22:14.977916');
INSERT INTO django_migrations VALUES(31,'socialaccount','0002_token_max_lengths','2025-03-29 04:22:14.986161');
INSERT INTO django_migrations VALUES(32,'socialaccount','0003_extra_data_default_dict','2025-03-29 04:22:14.988716');
INSERT INTO django_migrations VALUES(33,'socialaccount','0004_app_provider_id_settings','2025-03-29 04:22:14.995885');
INSERT INTO django_migrations VALUES(34,'socialaccount','0005_socialtoken_nullable_app','2025-03-29 04:22:15.000390');
INSERT INTO django_migrations VALUES(35,'socialaccount','0006_alter_socialaccount_extra_data','2025-03-29 04:22:15.004551');
INSERT INTO django_migrations VALUES(36,'management','0001_initial','2025-03-29 04:26:50.770342');
CREATE TABLE IF NOT EXISTS "auth_group_permissions" ("id" integer NOT NULL PRIMARY KEY AUTOINCREMENT, "group_id" integer NOT NULL REFERENCES "auth_group" ("id") DEFERRABLE INITIALLY DEFERRED, "permission_id" integer NOT NULL REFERENCES "auth_permission" ("id") DEFERRABLE INITIALLY DEFERRED);
CREATE TABLE IF NOT EXISTS "auth_user_groups" ("id" integer NOT NULL PRIMARY KEY AUTOINCREMENT, "user_id" integer NOT NULL REFERENCES "auth_user" ("id") DEFERRABLE INITIALLY DEFERRED, "group_id" integer NOT NULL REFERENCES "auth_group" ("id") DEFERRABLE INITIALLY DEFERRED);
CREATE TABLE IF NOT EXISTS "auth_user_user_permissions" ("id" integer NOT NULL PRIMARY KEY AUTOINCREMENT, "user_id" integer NOT NULL REFERENCES "auth_user" ("id") DEFERRABLE INITIALLY DEFERRED, "permission_id" integer NOT NULL REFERENCES "auth_permission" ("id") DEFERRABLE INITIALLY DEFERRED);
CREATE TABLE IF NOT EXISTS "account_emailconfirmation" ("id" integer NOT NULL PRIMARY KEY AUTOINCREMENT, "created" datetime NOT NULL, "sent" datetime NULL, "key" varchar(64) NOT NULL UNIQUE, "email_address_id" integer NOT NULL REFERENCES "account_emailaddress" ("id") DEFERRABLE INITIALLY DEFERRED);
CREATE TABLE IF NOT EXISTS "account_emailaddress" ("id" integer NOT NULL PRIMARY KEY AUTOINCREMENT, "verified" bool NOT NULL, "primary" bool NOT NULL, "user_id" integer NOT NULL REFERENCES "auth_user" ("id") DEFERRABLE INITIALLY DEFERRED, "email" varchar(254) NOT NULL);
INSERT INTO account_emailaddress VALUES(1,1,1,2,'arjunanss09@gmail.com');
CREATE TABLE IF NOT EXISTS "django_admin_log" ("id" integer NOT NULL PRIMARY KEY AUTOINCREMENT, "object_id" text NULL, "object_repr" varchar(200) NOT NULL, "action_flag" smallint unsigned NOT NULL CHECK ("action_flag" >= 0), "change_message" text NOT NULL, "content_type_id" integer NULL REFERENCES "django_content_type" ("id") DEFERRABLE INITIALLY DEFERRED, "user_id" integer NOT NULL REFERENCES "auth_user" ("id") DEFERRABLE INITIALLY DEFERRED, "action_time" datetime NOT NULL);
INSERT INTO django_admin_log VALUES(1,'1','Athletics Men- 100M',1,'[{"added": {}}]',15,1,'2025-03-29 04:35:39.479401');
INSERT INTO django_admin_log VALUES(2,'2','Athletics Female- 100M',1,'[{"added": {}}]',15,1,'2025-03-29 04:35:46.986168');
INSERT INTO django_admin_log VALUES(3,'3','Football (Men)',1,'[{"added": {}}]',15,1,'2025-03-29 04:35:59.506294');
INSERT INTO django_admin_log VALUES(4,'4','Football (Women)',1,'[{"added": {}}]',15,1,'2025-03-29 04:36:09.187865');
INSERT INTO django_admin_log VALUES(5,'5','Football (Mixed)',1,'[{"added": {}}]',15,1,'2025-03-29 04:36:19.071974');
INSERT INTO django_admin_log VALUES(6,'6','Table Tennis- Men',1,'[{"added": {}}]',15,1,'2025-03-29 04:36:46.549484');
INSERT INTO django_admin_log VALUES(7,'7','Table Tennis- Women',1,'[{"added": {}}]',15,1,'2025-03-29 04:36:54.800821');
INSERT INTO django_admin_log VALUES(8,'8','Table Tennis- Mixed',1,'[{"added": {}}]',15,1,'2025-03-29 04:37:17.068972');
CREATE TABLE IF NOT EXISTS "django_content_type" ("id" integer NOT NULL PRIMARY KEY AUTOINCREMENT, "app_label" varchar(100) NOT NULL, "model" varchar(100) NOT NULL);
INSERT INTO django_content_type VALUES(1,'admin','logentry');
INSERT INTO django_content_type VALUES(2,'auth','permission');
INSERT INTO django_content_type VALUES(3,'auth','group');
INSERT INTO django_content_type VALUES(4,'auth','user');
INSERT INTO django_content_type VALUES(5,'contenttypes','contenttype');
INSERT INTO django_content_type VALUES(6,'sessions','session');
INSERT INTO django_content_type VALUES(7,'sites','site');
INSERT INTO django_content_type VALUES(8,'account','emailaddress');
INSERT INTO django_content_type VALUES(9,'account','emailconfirmation');
INSERT INTO django_content_type VALUES(10,'socialaccount','socialaccount');
INSERT INTO django_content_type VALUES(11,'socialaccount','socialapp');
INSERT INTO django_content_type VALUES(12,'socialaccount','socialtoken');
INSERT INTO django_content_type VALUES(13,'management','college');
INSERT INTO django_content_type VALUES(14,'management','participantprofile');
INSERT INTO django_content_type VALUES(15,'management','event');
INSERT INTO django_content_type VALUES(16,'management','team');
INSERT INTO django_content_type VALUES(17,'management','match');
INSERT INTO django_content_type VALUES(18,'management','feedback');
CREATE TABLE IF NOT EXISTS "auth_permission" ("id" integer NOT NULL PRIMARY KEY AUTOINCREMENT, "content_type_id" integer NOT NULL REFERENCES "django_content_type" ("id") DEFERRABLE INITIALLY DEFERRED, "codename" varchar(100) NOT NULL, "name" varchar(255) NOT NULL);
INSERT INTO auth_permission VALUES(1,1,'add_logentry','Can add log entry');
INSERT INTO auth_permission VALUES(2,1,'change_logentry','Can change log entry');
INSERT INTO auth_permission VALUES(3,1,'delete_logentry','Can delete log entry');
INSERT INTO auth_permission VALUES(4,1,'view_logentry','Can view log entry');
INSERT INTO auth_permission VALUES(5,2,'add_permission','Can add permission');
INSERT INTO auth_permission VALUES(6,2,'change_permission','Can change permission');
INSERT INTO auth_permission VALUES(7,2,'delete_permission','Can delete permission');
INSERT INTO auth_permission VALUES(8,2,'view_permission','Can view permission');
INSERT INTO auth_permission VALUES(9,3,'add_group','Can add group');
INSERT INTO auth_permission VALUES(10,3,'change_group','Can change group');
INSERT INTO auth_permission VALUES(11,3,'delete_group','Can delete group');
INSERT INTO auth_permission VALUES(12,3,'view_group','Can view group');
INSERT INTO auth_permission VALUES(13,4,'add_user','Can add user');
INSERT INTO auth_permission VALUES(14,4,'change_user','Can change user');
INSERT INTO auth_permission VALUES(15,4,'delete_user','Can delete user');
INSERT INTO auth_permission VALUES(16,4,'view_user','Can view user');
INSERT INTO auth_permission VALUES(17,5,'add_contenttype','Can add content type');
INSERT INTO auth_permission VALUES(18,5,'change_contenttype','Can change content type');
INSERT INTO auth_permission VALUES(19,5,'delete_contenttype','Can delete content type');
INSERT INTO auth_permission VALUES(20,5,'view_contenttype','Can view content type');
INSERT INTO auth_permission VALUES(21,6,'add_session','Can add session');
INSERT INTO auth_permission VALUES(22,6,'change_session','Can change session');
INSERT INTO auth_permission VALUES(23,6,'delete_session','Can delete session');
INSERT INTO auth_permission VALUES(24,6,'view_session','Can view session');
INSERT INTO auth_permission VALUES(25,7,'add_site','Can add site');
INSERT INTO auth_permission VALUES(26,7,'change_site','Can change site');
INSERT INTO auth_permission VALUES(27,7,'delete_site','Can delete site');
INSERT INTO auth_permission VALUES(28,7,'view_site','Can view site');
INSERT INTO auth_permission VALUES(29,8,'add_emailaddress','Can add email address');
INSERT INTO auth_permission VALUES(30,8,'change_emailaddress','Can change email address');
INSERT INTO auth_permission VALUES(31,8,'delete_emailaddress','Can delete email address');
INSERT INTO auth_permission VALUES(32,8,'view_emailaddress','Can view email address');
INSERT INTO auth_permission VALUES(33,9,'add_emailconfirmation','Can add email confirmation');
INSERT INTO auth_permission VALUES(34,9,'change_emailconfirmation','Can change email confirmation');
INSERT INTO auth_permission VALUES(35,9,'delete_emailconfirmation','Can delete email confirmation');
INSERT INTO auth_permission VALUES(36,9,'view_emailconfirmation','Can view email confirmation');
INSERT INTO auth_permission VALUES(37,10,'add_socialaccount','Can add social account');
INSERT INTO auth_permission VALUES(38,10,'change_socialaccount','Can change social account');
INSERT INTO auth_permission VALUES(39,10,'delete_socialaccount','Can delete social account');
INSERT INTO auth_permission VALUES(40,10,'view_socialaccount','Can view social account');
INSERT INTO auth_permission VALUES(41,11,'add_socialapp','Can add social application');
INSERT INTO auth_permission VALUES(42,11,'change_socialapp','Can change social application');
INSERT INTO auth_permission VALUES(43,11,'delete_socialapp','Can delete social application');
INSERT INTO auth_permission VALUES(44,11,'view_socialapp','Can view social application');
INSERT INTO auth_permission VALUES(45,12,'add_socialtoken','Can add social application token');
INSERT INTO auth_permission VALUES(46,12,'change_socialtoken','Can change social application token');
INSERT INTO auth_permission VALUES(47,12,'delete_socialtoken','Can delete social application token');
INSERT INTO auth_permission VALUES(48,12,'view_socialtoken','Can view social application token');
INSERT INTO auth_permission VALUES(49,13,'add_college','Can add college');
INSERT INTO auth_permission VALUES(50,13,'change_college','Can change college');
INSERT INTO auth_permission VALUES(51,13,'delete_college','Can delete college');
INSERT INTO auth_permission VALUES(52,13,'view_college','Can view college');
INSERT INTO auth_permission VALUES(53,14,'add_participantprofile','Can add participant profile');
INSERT INTO auth_permission VALUES(54,14,'change_participantprofile','Can change participant profile');
INSERT INTO auth_permission VALUES(55,14,'delete_participantprofile','Can delete participant profile');
INSERT INTO auth_permission VALUES(56,14,'view_participantprofile','Can view participant profile');
INSERT INTO auth_permission VALUES(57,15,'add_event','Can add event');
INSERT INTO auth_permission VALUES(58,15,'change_event','Can change event');
INSERT INTO auth_permission VALUES(59,15,'delete_event','Can delete event');
INSERT INTO auth_permission VALUES(60,15,'view_event','Can view event');
INSERT INTO auth_permission VALUES(61,16,'add_team','Can add team');
INSERT INTO auth_permission VALUES(62,16,'change_team','Can change team');
INSERT INTO auth_permission VALUES(63,16,'delete_team','Can delete team');
INSERT INTO auth_permission VALUES(64,16,'view_team','Can view team');
INSERT INTO auth_permission VALUES(65,17,'add_match','Can add match');
INSERT INTO auth_permission VALUES(66,17,'change_match','Can change match');
INSERT INTO auth_permission VALUES(67,17,'delete_match','Can delete match');
INSERT INTO auth_permission VALUES(68,17,'view_match','Can view match');
INSERT INTO auth_permission VALUES(69,18,'add_feedback','Can add feedback');
INSERT INTO auth_permission VALUES(70,18,'change_feedback','Can change feedback');
INSERT INTO auth_permission VALUES(71,18,'delete_feedback','Can delete feedback');
INSERT INTO auth_permission VALUES(72,18,'view_feedback','Can view feedback');
CREATE TABLE IF NOT EXISTS "auth_group" ("id" integer NOT NULL PRIMARY KEY AUTOINCREMENT, "name" varchar(150) NOT NULL UNIQUE);
CREATE TABLE IF NOT EXISTS "auth_user" ("id" integer NOT NULL PRIMARY KEY AUTOINCREMENT, "password" varchar(128) NOT NULL, "last_login" datetime NULL, "is_superuser" bool NOT NULL, "username" varchar(150) NOT NULL UNIQUE, "last_name" varchar(150) NOT NULL, "email" varchar(254) NOT NULL, "is_staff" bool NOT NULL, "is_active" bool NOT NULL, "date_joined" datetime NOT NULL, "first_name" varchar(150) NOT NULL);
INSERT INTO auth_user VALUES(1,'pbkdf2_sha256$870000$fbkZ6L5XTYx40Cz443pGGx$eTNg8noMiSwGm/W/1U13s8EgLS3hVnic6xk3WT/gqZ4=','2025-03-29 04:38:05.588793',1,'razer_strix07','','f20241246@pilani.bits-pilani.ac.in',1,1,'2025-03-29 04:23:15.607281','');
INSERT INTO auth_user VALUES(2,'!IV6KBibBIUtfVOVCGNhtfe56x5GQMAFU63LoBlGu','2025-03-29 04:37:43.238887',0,'arjunan','S. S','arjunanss09@gmail.com',0,1,'2025-03-29 04:27:26.208745','Arjunan');
CREATE TABLE IF NOT EXISTS "django_session" ("session_key" varchar(40) NOT NULL PRIMARY KEY, "session_data" text NOT NULL, "expire_date" datetime NOT NULL);
INSERT INTO django_session VALUES('k9c5vek8fkw7el0htq8gbady2u8lh1pf','.eJxVUMtuhDAM_BefaZSEPDCntr9RVcgkQURlAyJBbbXafy9suXAbzYzH9tyBnJu3VDrayhhSiY5KnFN3C2WcfYb24w7_GFpYKOfvefVQARVohVW1lDVvNNON1lhXEG4Up905SC6VkMq8LnGiFFkfS345MTkWEzw-K3hu7bYc1i4eCwRcuJ7cV0iHQNN00Oy8lj09p5zZ2-X293PqEjVSHvccNEhcoje9FUOtbYNkw6Atyn5_RgsXaqO8D2S4c9ZZ9KJH2zQKlbHk8QjNIeejovCzxPV3r0FyNJw__gCzGG0L:1tyNxN:CuM2olUGeeS5BB7giR_ukCdxdW-BBj6dtJMLvXtkflE','2025-04-12 04:38:05.590039');
CREATE TABLE IF NOT EXISTS "django_site" ("id" integer NOT NULL PRIMARY KEY AUTOINCREMENT, "name" varchar(50) NOT NULL, "domain" varchar(100) NOT NULL UNIQUE);
INSERT INTO django_site VALUES(1,'example.com','example.com');
CREATE TABLE IF NOT EXISTS "socialaccount_socialapp_sites" ("id" integer NOT NULL PRIMARY KEY AUTOINCREMENT, "socialapp_id" integer NOT NULL REFERENCES "socialaccount_socialapp" ("id") DEFERRABLE INITIALLY DEFERRED, "site_id" integer NOT NULL REFERENCES "django_site" ("id") DEFERRABLE INITIALLY DEFERRED);
CREATE TABLE IF NOT EXISTS "socialaccount_socialapp" ("id" integer NOT NULL PRIMARY KEY AUTOINCREMENT, "provider" varchar(30) NOT NULL, "name" varchar(40) NOT NULL, "client_id" varchar(191) NOT NULL, "secret" varchar(191) NOT NULL, "key" varchar(191) NOT NULL, "provider_id" varchar(200) NOT NULL, "settings" text NOT NULL CHECK ((JSON_VALID("settings") OR "settings" IS NULL)));
CREATE TABLE IF NOT EXISTS "socialaccount_socialtoken" ("id" integer NOT NULL PRIMARY KEY AUTOINCREMENT, "token" text NOT NULL, "token_secret" text NOT NULL, "expires_at" datetime NULL, "account_id" integer NOT NULL REFERENCES "socialaccount_socialaccount" ("id") DEFERRABLE INITIALLY DEFERRED, "app_id" integer NULL REFERENCES "socialaccount_socialapp" ("id") DEFERRABLE INITIALLY DEFERRED);
CREATE TABLE IF NOT EXISTS "socialaccount_socialaccount" ("id" integer NOT NULL PRIMARY KEY AUTOINCREMENT, "provider" varchar(200) NOT NULL, "uid" varchar(191) NOT NULL, "last_login" datetime NOT NULL, "date_joined" datetime NOT NULL, "user_id" integer NOT NULL REFERENCES "auth_user" ("id") DEFERRABLE INITIALLY DEFERRED, "extra_data" text NOT NULL CHECK ((JSON_VALID("extra_data") OR "extra_data" IS NULL)));
INSERT INTO socialaccount_socialaccount VALUES(1,'google','104388454754475169784','2025-03-29 04:37:43.228583','2025-03-29 04:27:26.223643',2,'{"iss": "https://accounts.google.com", "azp": "62730295421-kqrsk48dc11fo1e7ksj0otfgrr99j4jf.apps.googleusercontent.com", "aud": "62730295421-kqrsk48dc11fo1e7ksj0otfgrr99j4jf.apps.googleusercontent.com", "sub": "104388454754475169784", "email": "arjunanss09@gmail.com", "email_verified": true, "at_hash": "FCaYIBkDYu1UyZhXOTgt1g", "name": "Arjunan S. S", "picture": "https://lh3.googleusercontent.com/a/ACg8ocKHNHR120K_HmR3mxFY2SOchpZKUJeJKsOmgLb6XeFLztN03QM=s96-c", "given_name": "Arjunan", "family_name": "S. S", "iat": 1743223063, "exp": 1743226663}');
CREATE TABLE IF NOT EXISTS "management_college" ("id" integer NOT NULL PRIMARY KEY AUTOINCREMENT, "name" varchar(255) NOT NULL UNIQUE);
INSERT INTO management_college VALUES(1,'BITS Pilani, Pilani Campus');
CREATE TABLE IF NOT EXISTS "management_event" ("id" integer NOT NULL PRIMARY KEY AUTOINCREMENT, "name" varchar(100) NOT NULL, "sport" varchar(50) NOT NULL, "gender" varchar(10) NOT NULL, "max_team_members" integer unsigned NOT NULL CHECK ("max_team_members" >= 0));
INSERT INTO management_event VALUES(1,'Athletics Men- 100M','Athletics','Male',4);
INSERT INTO management_event VALUES(2,'Athletics Female- 100M','Athletics','Female',4);
INSERT INTO management_event VALUES(3,'Football (Men)','Football','Male',14);
INSERT INTO management_event VALUES(4,'Football (Women)','Football','Female',14);
INSERT INTO management_event VALUES(5,'Football (Mixed)','Football','Mixed',14);
INSERT INTO management_event VALUES(6,'Table Tennis- Men','Table Tennis','Male',2);
INSERT INTO management_event VALUES(7,'Table Tennis- Women','Table Tennis','Female',2);
INSERT INTO management_event VALUES(8,'Table Tennis- Mixed','Table Tennis','Mixed',2);
CREATE TABLE IF NOT EXISTS "management_participantprofile" ("id" integer NOT NULL PRIMARY KEY AUTOINCREMENT, "name" varchar(100) NOT NULL, "gender" varchar(10) NOT NULL, "date_of_birth" date NOT NULL, "mobile_number" varchar(15) NOT NULL, "email" varchar(254) NOT NULL, "college_id" bigint NOT NULL REFERENCES "management_college" ("id") DEFERRABLE INITIALLY DEFERRED, "user_id" integer NOT NULL UNIQUE REFERENCES "auth_user" ("id") DEFERRABLE INITIALLY DEFERRED);
INSERT INTO management_participantprofile VALUES(1,'Arjunan S S','Male','2006-06-18','7358673966','arjunanss09@gmail.com',1,2);
CREATE TABLE IF NOT EXISTS "management_feedback" ("id" integer NOT NULL PRIMARY KEY AUTOINCREMENT, "message" text NOT NULL, "image" varchar(100) NULL, "created_at" datetime NOT NULL, "participant_id" bigint NOT NULL REFERENCES "management_participantprofile" ("id") DEFERRABLE INITIALLY DEFERRED);
CREATE TABLE IF NOT EXISTS "management_team" ("id" integer NOT NULL PRIMARY KEY AUTOINCREMENT, "college" varchar(200) NOT NULL, "gender" varchar(50) NOT NULL, "captain_id" bigint NULL REFERENCES "management_participantprofile" ("id") DEFERRABLE INITIALLY DEFERRED, "event_id" bigint NOT NULL REFERENCES "management_event" ("id") DEFERRABLE INITIALLY DEFERRED);
INSERT INTO management_team VALUES(1,'BITS Pilani, Pilani Campus','',NULL,1);
INSERT INTO management_team VALUES(2,'BITS Pilani, Pilani Campus','',NULL,3);
INSERT INTO management_team VALUES(3,'BITS Pilani, Pilani Campus','',NULL,6);
CREATE TABLE IF NOT EXISTS "management_team_members" ("id" integer NOT NULL PRIMARY KEY AUTOINCREMENT, "team_id" bigint NOT NULL REFERENCES "management_team" ("id") DEFERRABLE INITIALLY DEFERRED, "participantprofile_id" bigint NOT NULL REFERENCES "management_participantprofile" ("id") DEFERRABLE INITIALLY DEFERRED);
INSERT INTO management_team_members VALUES(1,1,1);
INSERT INTO management_team_members VALUES(2,2,1);
INSERT INTO management_team_members VALUES(3,3,1);
CREATE TABLE IF NOT EXISTS "management_match" ("id" integer NOT NULL PRIMARY KEY AUTOINCREMENT, "start_time" datetime NOT NULL, "end_time" datetime NOT NULL, "scores" text NULL CHECK ((JSON_VALID("scores") OR "scores" IS NULL)), "finished" bool NOT NULL, "event_id" bigint NOT NULL REFERENCES "management_event" ("id") DEFERRABLE INITIALLY DEFERRED);
CREATE TABLE IF NOT EXISTS "management_match_teams" ("id" integer NOT NULL PRIMARY KEY AUTOINCREMENT, "match_id" bigint NOT NULL REFERENCES "management_match" ("id") DEFERRABLE INITIALLY DEFERRED, "team_id" bigint NOT NULL REFERENCES "management_team" ("id") DEFERRABLE INITIALLY DEFERRED);
DELETE FROM sqlite_sequence;
INSERT INTO sqlite_sequence VALUES('django_migrations',36);
INSERT INTO sqlite_sequence VALUES('account_emailaddress',1);
INSERT INTO sqlite_sequence VALUES('django_admin_log',8);
INSERT INTO sqlite_sequence VALUES('django_content_type',18);
INSERT INTO sqlite_sequence VALUES('auth_permission',72);
INSERT INTO sqlite_sequence VALUES('auth_group',0);
INSERT INTO sqlite_sequence VALUES('auth_user',2);
INSERT INTO sqlite_sequence VALUES('django_site',1);
INSERT INTO sqlite_sequence VALUES('socialaccount_socialapp',0);
INSERT INTO sqlite_sequence VALUES('socialaccount_socialtoken',0);
INSERT INTO sqlite_sequence VALUES('socialaccount_socialaccount',1);
INSERT INTO sqlite_sequence VALUES('management_college',1);
INSERT INTO sqlite_sequence VALUES('management_participantprofile',1);
INSERT INTO sqlite_sequence VALUES('management_event',8);
INSERT INTO sqlite_sequence VALUES('management_team',3);
INSERT INTO sqlite_sequence VALUES('management_team_members',3);
CREATE UNIQUE INDEX "auth_group_permissions_group_id_permission_id_0cd325b0_uniq" ON "auth_group_permissions" ("group_id", "permission_id");
CREATE INDEX "auth_group_permissions_group_id_b120cbf9" ON "auth_group_permissions" ("group_id");
CREATE INDEX "auth_group_permissions_permission_id_84c5c92e" ON "auth_group_permissions" ("permission_id");
CREATE UNIQUE INDEX "auth_user_groups_user_id_group_id_94350c0c_uniq" ON "auth_user_groups" ("user_id", "group_id");
CREATE INDEX "auth_user_groups_user_id_6a12ed8b" ON "auth_user_groups" ("user_id");
CREATE INDEX "auth_user_groups_group_id_97559544" ON "auth_user_groups" ("group_id");
CREATE UNIQUE INDEX "auth_user_user_permissions_user_id_permission_id_14a6b632_uniq" ON "auth_user_user_permissions" ("user_id", "permission_id");
CREATE INDEX "auth_user_user_permissions_user_id_a95ead1b" ON "auth_user_user_permissions" ("user_id");
CREATE INDEX "auth_user_user_permissions_permission_id_1fbb5f2c" ON "auth_user_user_permissions" ("permission_id");
CREATE INDEX "account_emailconfirmation_email_address_id_5b7f8c58" ON "account_emailconfirmation" ("email_address_id");
CREATE UNIQUE INDEX "account_emailaddress_user_id_email_987c8728_uniq" ON "account_emailaddress" ("user_id", "email");
CREATE UNIQUE INDEX "unique_verified_email" ON "account_emailaddress" ("email") WHERE "verified";
CREATE INDEX "account_emailaddress_user_id_2c513194" ON "account_emailaddress" ("user_id");
CREATE INDEX "account_emailaddress_email_03be32b2" ON "account_emailaddress" ("email");
CREATE UNIQUE INDEX "unique_primary_email" ON "account_emailaddress" ("user_id", "primary") WHERE "primary";
CREATE INDEX "django_admin_log_content_type_id_c4bce8eb" ON "django_admin_log" ("content_type_id");
CREATE INDEX "django_admin_log_user_id_c564eba6" ON "django_admin_log" ("user_id");
CREATE UNIQUE INDEX "django_content_type_app_label_model_76bd3d3b_uniq" ON "django_content_type" ("app_label", "model");
CREATE UNIQUE INDEX "auth_permission_content_type_id_codename_01ab375a_uniq" ON "auth_permission" ("content_type_id", "codename");
CREATE INDEX "auth_permission_content_type_id_2f476e4b" ON "auth_permission" ("content_type_id");
CREATE INDEX "django_session_expire_date_a5c62663" ON "django_session" ("expire_date");
CREATE UNIQUE INDEX "socialaccount_socialapp_sites_socialapp_id_site_id_71a9a768_uniq" ON "socialaccount_socialapp_sites" ("socialapp_id", "site_id");
CREATE INDEX "socialaccount_socialapp_sites_socialapp_id_97fb6e7d" ON "socialaccount_socialapp_sites" ("socialapp_id");
CREATE INDEX "socialaccount_socialapp_sites_site_id_2579dee5" ON "socialaccount_socialapp_sites" ("site_id");
CREATE UNIQUE INDEX "socialaccount_socialtoken_app_id_account_id_fca4e0ac_uniq" ON "socialaccount_socialtoken" ("app_id", "account_id");
CREATE INDEX "socialaccount_socialtoken_account_id_951f210e" ON "socialaccount_socialtoken" ("account_id");
CREATE INDEX "socialaccount_socialtoken_app_id_636a42d7" ON "socialaccount_socialtoken" ("app_id");
CREATE UNIQUE INDEX "socialaccount_socialaccount_provider_uid_fc810c6e_uniq" ON "socialaccount_socialaccount" ("provider", "uid");
CREATE INDEX "socialaccount_socialaccount_user_id_8146e70c" ON "socialaccount_socialaccount" ("user_id");
CREATE INDEX "management_participantprofile_college_id_127c9ad3" ON "management_participantprofile" ("college_id");
CREATE INDEX "management_feedback_participant_id_31b46371" ON "management_feedback" ("participant_id");
CREATE INDEX "management_team_captain_id_f225c970" ON "management_team" ("captain_id");
CREATE INDEX "management_team_event_id_4d132028" ON "management_team" ("event_id");
CREATE UNIQUE INDEX "management_team_members_team_id_participantprofile_id_68437d42_uniq" ON "management_team_members" ("team_id", "participantprofile_id");
CREATE INDEX "management_team_members_team_id_85dd22d5" ON "management_team_members" ("team_id");
CREATE INDEX "management_team_members_participantprofile_id_75bd6222" ON "management_team_members" ("participantprofile_id");
CREATE INDEX "management_match_event_id_e74b61d2" ON "management_match" ("event_id");
CREATE UNIQUE INDEX "management_match_teams_match_id_team_id_7edfe7ea_uniq" ON "management_match_teams" ("match_id", "team_id");
CREATE INDEX "management_match_teams_match_id_d0e021eb" ON "management_match_teams" ("match_id");
CREATE INDEX "management_match_teams_team_id_bc62ee0f" ON "management_match_teams" ("team_id");
COMMIT;
